{"acc": 0.7479346173584256, "loss": 0.1742951654219954, "_timestamp": 1704470359.859123, "_runtime": 0.5963170528411865, "_step": 7, "_wandb": {"runtime": 0}}