{"val_loss": 133.02069759821055, "_timestamp": 1704489798.592479, "_runtime": 16.990073919296265, "_step": 4, "_wandb": {"runtime": 16}}