{"val_loss": 133.82883270620306, "_timestamp": 1704489769.385352, "_runtime": 16.698782920837402, "_step": 4, "_wandb": {"runtime": 16}}
