{"val_loss": 109.13633361918302, "_timestamp": 1704475950.686014, "_runtime": 17.965446949005127, "_step": 4, "_wandb": {"runtime": 17}}
