{"test_metric": 0.8010903048704181, "_timestamp": 1704470196.5323572, "_runtime": 0.5841221809387207, "_step": 99, "_wandb": {"runtime": 0}}
