{"acc": 0.6917749465449001, "loss": 0.28882178795374414, "_timestamp": 1704470297.2394528, "_runtime": 0.6769628524780273, "_step": 7, "_wandb": {"runtime": 0}}