{"test_metric": 0.7341627534897881, "_timestamp": 1704469696.085692, "_runtime": 0.6151089668273926, "_step": 99, "_wandb": {"runtime": 0}}
