{"acc": 0.8863961286384062, "loss": 0.021064677792340225, "_timestamp": 1704488329.4433112, "_runtime": 0.6330633163452148, "_step": 7, "_wandb": {"runtime": 0}}
