{"acc": 0.8608117718193588, "loss": 0.2095948463446602, "_timestamp": 1704489531.019317, "_runtime": 0.5746757984161377, "_step": 7, "_wandb": {"runtime": 0}}
